Foldername,PageURL
1,https://www.amazon.com/Bio-Gest-Thorne-Research-Vegetarian-Capsules/dp/B00HWUZY7K/ref=sr_1_182?keywords=thorne+research&qid=1636924649&sr=8-182
2,https://www.amazon.com/Thorne-Research-Bio-Gest-360-VegiCaps/dp/B00GDV7FIU/ref=sr_1_184?keywords=thorne+research&qid=1636924649&sr=8-184
3,https://www.amazon.com/gp/slredirect/picassoRedirect.html/ref=pa_sp_mtf_aps_sr_pg2_1?ie=UTF8&adId=A04406671WKOLQHXCTBTD&url=%2FThorne-Research-Siliphos-Botanical-Antioxidant%2Fdp%2FB001PLKZKI%2Fref%3Dsr_1_82_sspa%3Fkeywords%3Dthorne%2Bresearch%26qid%3D1636924450%26sr%3D8-82-spons%26psc%3D1&qualifier=1636924450&id=1413827590976709&widgetName=sp_mtf
4,https://www.amazon.com/Buffered-Powder-bottles-24oz-total/dp/B01C1R6FX0/ref=sr_1_202?keywords=thorne+research&qid=1636924649&sr=8-202
5,https://www.amazon.com/Thorne-Research-Omega-Superb-Lemon/dp/B00KGCM13G/ref=sr_1_194?keywords=thorne+research&qid=1636924649&sr=8-194
6,https://www.amazon.com/Thorne-Research-Plantizyme-Plant-Based-Vegetarian/dp/B000VYVS42/ref=sr_1_193?keywords=thorne+research&qid=1636924649&sr=8-193
7,https://www.amazon.com/Thorne-Research-Bromelain-Proteolytic-Protein-Digesting/dp/B0012RZN84/ref=sr_1_181?keywords=thorne+research&qid=1636924649&sr=8-181
8,https://www.amazon.com/Thorne-Research-Picolinate-Well-Absorbed-Supplement/dp/B003PQVBCC/ref=sr_1_179?keywords=thorne+research&qid=1636924649&sr=8-179
9,https://www.amazon.com/Thorne-Research-Myco-Immune-Mushroom-Extracts/dp/B000FGXO3O/ref=sr_1_174?keywords=thorne+research&qid=1636924649&sr=8-174
10,https://www.amazon.com/Thorne-Research-Buffered-Magnesium-Potassium/dp/B005IZIXC4/ref=sr_1_173?keywords=thorne+research&qid=1636924649&sr=8-173
11,https://www.amazon.com/Vitamin-C-Flavonoids-Thorne-Research/dp/B000FGXOA2/ref=sr_1_172?keywords=thorne+research&qid=1636924649&sr=8-172
12,https://www.amazon.com/Thorne-Research-Supports-Anhydrous-Nicotinamide/dp/B099KKQ556/ref=sr_1_171?keywords=thorne+research&qid=1636924649&sr=8-171
13,https://www.amazon.com/Thorne-Research-Glucosamine-Supplement-Capsules/dp/B000FGWCKK/ref=sr_1_169?keywords=thorne+research&qid=1636924649&sr=8-169
14,https://www.amazon.com/Thorne-Research-Crucera-SGS-Sulforaphane-Glucosinolate/dp/B004FUHIJM/ref=sr_1_168?keywords=thorne+research&qid=1636924649&sr=8-168
15,https://www.amazon.com/Thorne-Research-FloraPro-LP-Probiotic-Acid-Resistant/dp/B07KWCVBN5/ref=sr_1_165?keywords=thorne+research&qid=1636924649&sr=8-165
16,https://www.amazon.com/Thorne-Research-P-C-100-Phytosome-Antioxidant/dp/B000FGWDOK/ref=sr_1_158?keywords=thorne+research&qid=1636924649&sr=8-158
17,https://www.amazon.com/Thorne-Research-Riboflavin-5-Phosphate-Methylation/dp/B0797MLY4M/ref=sr_1_155?keywords=thorne+research&qid=1636924649&sr=8-155
18,https://www.amazon.com/Thorne-Research-Iso-Phos-Phosphatidylserine-Supplement/dp/B000FGZG4O/ref=sr_1_153?keywords=thorne+research&qid=1636924649&sr=8-153
19,https://www.amazon.com/Thorne-Research-Boswellia-Frankincense-Supplement/dp/B0797KV92C/ref=sr_1_150?keywords=thorne+research&qid=1636924649&sr=8-150
20,https://www.amazon.com/gp/slredirect/picassoRedirect.html/ref=pa_sp_btf_aps_sr_pg3_1?ie=UTF8&adId=A00185092S1IEZYP771BD&url=%2FThorne-Research-Easy-Digest-Certified%2Fdp%2FB0797B27FW%2Fref%3Dsr_1_155_sspa%3Fkeywords%3Dthorne%2Bresearch%26qid%3D1636924541%26sr%3D8-155-spons%26psc%3D1&qualifier=1636924541&id=6981092478318464&widgetName=sp_btf
21,https://www.amazon.com/Thorne-Research-Meriva-500-Phytosome-Supplement/dp/B005P0UF4Q/ref=sr_1_154?keywords=thorne+research&qid=1636924541&sr=8-154
22,https://www.amazon.com/Thorne-Research-Phytoprofen-Supplement-Inflammatory/dp/B001SJNRO8/ref=sr_1_153?keywords=thorne+research&qid=1636924541&sr=8-153
23,https://www.amazon.com/Thorne-Research-Sacro-B-Beneficial-Capsules/dp/B000FGXO7A/ref=sr_1_148?keywords=thorne+research&qid=1636924541&sr=8-148
24,https://www.amazon.com/Thorne-Research-L-Glutamine-Glutamine-Certified/dp/B000FGWDL8/ref=sr_1_144?keywords=thorne+research&qid=1636924541&sr=8-144
25,https://www.amazon.com/Thorne-Research-Supplement-Antioxidant-Certified/dp/B000FGZFXQ/ref=sr_1_142?keywords=thorne+research&qid=1636924541&sr=8-142
26,https://www.amazon.com/Thorne-Research-Arabinex-Prebiotic-Support/dp/B001TM27P4/ref=sr_1_141?keywords=thorne+research&qid=1636924541&sr=8-141
27,https://www.amazon.com/Thorne-Research-Effervescent-Magnesium-Supplement/dp/B0797FBSKY/ref=sr_1_132?keywords=thorne+research&qid=1636924541&sr=8-132
28,https://www.amazon.com/Thorne-Research-Taurine-Supplement-Capsules/dp/B000FH13PY/ref=sr_1_126?keywords=thorne+research&qid=1636924541&sr=8-126
29,https://www.amazon.com/Thorne-Research-EnteroMend-Botanical-Intestinal/dp/B07978JYLN/ref=sr_1_125?keywords=thorne+research&qid=1636924541&sr=8-125
30,https://www.amazon.com/Thorne-Research-Potassium-Highly-Absorbable-Supplement/dp/B000FGWBPG/ref=sr_1_123?keywords=thorne+research&qid=1636924541&sr=8-123
31,https://www.amazon.com/Thorne-Research-Vitamin-Dispenser-Supplement/dp/B0797FS9ZP/ref=sr_1_121?keywords=thorne+research&qid=1636924541&sr=8-121
32,https://www.amazon.com/Thorne-Research-Flavonoids-Bioflavonoids-Together/dp/B0797HCZVV/ref=sr_1_120?keywords=thorne+research&qid=1636924541&sr=8-120
33,https://www.amazon.com/Thorne-Research-Picolinate-Absorbable-Reproductive/dp/B0797NSHQX/ref=sr_1_118?keywords=thorne+research&qid=1636924541&sr=8-118
34,https://www.amazon.com/Thorne-Research-Niacinamide-Nicotinamide-Supplement/dp/B0012XP4MI/ref=sr_1_117?keywords=thorne+research&qid=1636924541&sr=8-117
35,https://www.amazon.com/Thorne-Research-Ultimate-Contains-Natural/dp/B000FGWDRW/ref=sr_1_112?keywords=thorne+research&qid=1636924541&sr=8-112
36,https://www.amazon.com/Thorne-Research-Pancreatin-Comprehensive-Digestive/dp/B0012S629W/ref=sr_1_111?keywords=thorne+research&qid=1636924541&sr=8-111
37,https://www.amazon.com/Thorne-Research-Rhodiola-Botanical-Supplement/dp/B0009DTKJU/ref=sr_1_108?keywords=thorne+research&qid=1636924541&sr=8-108
38,https://www.amazon.com/Thorne-Research-Quercenase-Quercetin-Supplement/dp/B000FGWBPQ/ref=sr_1_106?keywords=thorne+research&qid=1636924541&sr=8-106
39,https://www.amazon.com/Thorne-Research-Relaxation-Detoxification-Function/dp/B000VYRROC/ref=sr_1_104?keywords=thorne+research&qid=1636924541&sr=8-104
40,https://www.amazon.com/Thorne-Research-D-Glucarate-Detoxification-Capsules/dp/B0012MZZLE/ref=sr_1_102?keywords=thorne+research&qid=1636924541&sr=8-102
41,https://www.amazon.com/gp/slredirect/picassoRedirect.html/ref=pa_sp_btf_aps_sr_pg2_1?ie=UTF8&adId=A01786073202YDO26Q6S3&url=%2FThorne-Research-Ascorbic-Supplement-Antioxidant%2Fdp%2FB09FYHTSNW%2Fref%3Dsr_1_108_sspa%3Fkeywords%3Dthorne%2Bresearch%26qid%3D1636924450%26sr%3D8-108-spons%26psc%3D1&qualifier=1636924450&id=1413827590976709&widgetName=sp_btf
42,https://www.amazon.com/Thorne-Research-Coenzyme-Supplement-Botanicals/dp/B000FH11VU/ref=sr_1_105?keywords=thorne+research&qid=1636924450&sr=8-105
43,https://www.amazon.com/Thorne-Research-5-Phosphate-Pyridoxine-Neurotransmitter/dp/B000KJPPTC/ref=sr_1_103?keywords=thorne+research&qid=1636924450&sr=8-103
44,https://www.amazon.com/Thorne-Research-Madeglucyl-Gluten-Free-Dairy-Free/dp/B00IKUJ5FI/ref=sr_1_102?keywords=thorne+research&qid=1636924450&sr=8-102
45,https://www.amazon.com/Thorne-Research-L-Glutamine-Supplement-Function/dp/B0797N816M/ref=sr_1_99?keywords=thorne+research&qid=1636924450&sr=8-99
46,https://www.amazon.com/Thorne-Research-Pancreatic-Digestive-Capsules/dp/B000FGZF04/ref=sr_1_98?keywords=thorne+research&qid=1636924450&sr=8-98
47,https://www.amazon.com/Thorne-Research-L-Carnitine-Supplement-Metabolism/dp/B0797FWR4W/ref=sr_1_95?keywords=thorne+research&qid=1636924450&sr=8-95
48,https://www.amazon.com/Thorne-Research-DiCalcium-Concentrated-Supplement/dp/B06VVTCHB8/ref=sr_1_93?keywords=thorne+research&qid=1636924450&sr=8-93
49,https://www.amazon.com/Thorne-Research-Alanine-SR-Sustained-Release-Endurance/dp/B06XKWQ5NW/ref=sr_1_92?keywords=thorne+research&qid=1636924450&sr=8-92
50,https://www.amazon.com/Thorne-Research-Phytosome-Antioxidant-Protective/dp/B0012S8LNC/ref=sr_1_90?keywords=thorne+research&qid=1636924450&sr=8-90
